id,name,series_id/id
__setup__.product_reporting_system_components_components_components_motherboard_kits,Motherboard Kits,__setup__.product_reporting_series_components_components_components
__setup__.product_reporting_system_components_components_components_mounting_brackets,Mounting Brackets,__setup__.product_reporting_series_components_components_components
__setup__.product_reporting_system_industrial_entry_hx400_series_hx401,HX401,__setup__.product_reporting_series_industrial_entry_hx400_series
__setup__.product_reporting_system_industrial_entry_hx400_series_hx401_tm130_,HX401 (TM130),__setup__.product_reporting_series_industrial_entry_hx400_series
__setup__.product_reporting_system_industrial_entry_ml100_series_ml100g_10,ML100G-10,__setup__.product_reporting_series_industrial_entry_ml100_series
__setup__.product_reporting_system_industrial_entry_ml100_series_ml100g_10_tm100_,ML100G-10 (TM100),__setup__.product_reporting_series_industrial_entry_ml100_series
__setup__.product_reporting_system_industrial_entry_ml100_series_ml100g_30,ML100G-30,__setup__.product_reporting_series_industrial_entry_ml100_series
__setup__.product_reporting_system_industrial_entry_ml100_series_ml100g_31,ML100G-31,__setup__.product_reporting_series_industrial_entry_ml100_series
__setup__.product_reporting_system_industrial_entry_ml100_series_ml100g_40,ML100G-40,__setup__.product_reporting_series_industrial_entry_ml100_series
__setup__.product_reporting_system_industrial_entry_ml100_series_ml100g_40_igl160_,ML100G-40 (IGL160),__setup__.product_reporting_series_industrial_entry_ml100_series
__setup__.product_reporting_system_industrial_entry_ml100_series_ml100g_40_ign510_,ML100G-40 (IGN510),__setup__.product_reporting_series_industrial_entry_ml100_series
__setup__.product_reporting_system_industrial_entry_ml100_series_ml100g_41,ML100G-41,__setup__.product_reporting_series_industrial_entry_ml100_series
__setup__.product_reporting_system_industrial_entry_ml100_series_ml100g_42,ML100G-42,__setup__.product_reporting_series_industrial_entry_ml100_series
__setup__.product_reporting_system_industrial_entry_ml100_series_ml100g_50,ML100G-50,__setup__.product_reporting_series_industrial_entry_ml100_series
__setup__.product_reporting_system_industrial_entry_ml100_series_ml100g_51,ML100G-51,__setup__.product_reporting_series_industrial_entry_ml100_series
__setup__.product_reporting_system_industrial_entry_ml100_series_ml100g_51_ign500_,ML100G-51 (IGN500),__setup__.product_reporting_series_industrial_entry_ml100_series
__setup__.product_reporting_system_industrial_entry_ml100_series_ml100g_52,ML100G-52,__setup__.product_reporting_series_industrial_entry_ml100_series
__setup__.product_reporting_system_industrial_entry_ml100_series_ml100g_53,ML100G-53,__setup__.product_reporting_series_industrial_entry_ml100_series
__setup__.product_reporting_system_industrial_entry_ml100_series_ml100g_53_tm120_,ML100G-53 (TM120),__setup__.product_reporting_series_industrial_entry_ml100_series
__setup__.product_reporting_system_industrial_entry_ml100_series_ml100g_54,ML100G-54,__setup__.product_reporting_series_industrial_entry_ml100_series
__setup__.product_reporting_system_industrial_entry_ml100_series_ml100g_56,ML100G-56,__setup__.product_reporting_series_industrial_entry_ml100_series
__setup__.product_reporting_system_industrial_entry_ml100_series_ng100w_10,NG100W-10,__setup__.product_reporting_series_industrial_entry_ml100_series
__setup__.product_reporting_system_industrial_fanless_fr200_series_zededa_fr201,ZEDEDA-FR201,__setup__.product_reporting_series_industrial_fanless_fr200_series
__setup__.product_reporting_system_industrial_fanless_fr200_series_zededa_fr201_w,ZEDEDA-FR201-W,__setup__.product_reporting_series_industrial_fanless_fr200_series
__setup__.product_reporting_system_industrial_fanless_hx500_series_hx511,HX511,__setup__.product_reporting_series_industrial_fanless_hx500_series
__setup__.product_reporting_system_industrial_fanless_hx600_series_hx600,HX600,__setup__.product_reporting_series_industrial_fanless_hx600_series
__setup__.product_reporting_system_industrial_fanned_mc500_series_mc500_other_,MC500 (Other),__setup__.product_reporting_series_industrial_fanned_mc500_series
__setup__.product_reporting_system_industrial_fanned_mc500_series_mc500_10,MC500-10,__setup__.product_reporting_series_industrial_fanned_mc500_series
__setup__.product_reporting_system_industrial_fanned_mc500_series_mc500_11,MC500-11,__setup__.product_reporting_series_industrial_fanned_mc500_series
__setup__.product_reporting_system_industrial_fanned_mc500_series_mc500_30,MC500-30,__setup__.product_reporting_series_industrial_fanned_mc500_series
__setup__.product_reporting_system_industrial_fanned_mc500_series_mc500_50,MC500-50,__setup__.product_reporting_series_industrial_fanned_mc500_series
__setup__.product_reporting_system_industrial_fanned_mc500_series_mc500_51,MC500-51,__setup__.product_reporting_series_industrial_fanned_mc500_series
__setup__.product_reporting_system_industrial_fanned_mc500_series_mc500_52,MC500-52,__setup__.product_reporting_series_industrial_fanned_mc500_series
__setup__.product_reporting_system_industrial_fanned_mc500_series_mc510_10,MC510-10,__setup__.product_reporting_series_industrial_fanned_mc500_series
__setup__.product_reporting_system_industrial_fanned_mc500_series_mc510_40,MC510-40,__setup__.product_reporting_series_industrial_fanned_mc500_series
__setup__.product_reporting_system_industrial_fanned_mc500_series_mc510_40_tm800_,MC510-40 (TM800),__setup__.product_reporting_series_industrial_fanned_mc500_series
__setup__.product_reporting_system_industrial_fanned_mc500_series_mc510_50,MC510-50,__setup__.product_reporting_series_industrial_fanned_mc500_series
__setup__.product_reporting_system_industrial_fanned_mc500_series_mc510_50_grl100_,MC510-50 (GRL100),__setup__.product_reporting_series_industrial_fanned_mc500_series
__setup__.product_reporting_system_industrial_fanned_mc500_series_mc510_55,MC510-55,__setup__.product_reporting_series_industrial_fanned_mc500_series
__setup__.product_reporting_system_industrial_fanned_mc600_series_mc600_other_,MC600 (Other),__setup__.product_reporting_series_industrial_fanned_mc600_series
__setup__.product_reporting_system_industrial_fanned_mc600_series_mc600_10,MC600-10,__setup__.product_reporting_series_industrial_fanned_mc600_series
__setup__.product_reporting_system_industrial_fanned_mc600_series_mc600_11,MC600-11,__setup__.product_reporting_series_industrial_fanned_mc600_series
__setup__.product_reporting_system_industrial_fanned_mc600_series_mc600_50,MC600-50,__setup__.product_reporting_series_industrial_fanned_mc600_series
__setup__.product_reporting_system_industrial_fanned_mc600_series_mc600_51,MC600-51,__setup__.product_reporting_series_industrial_fanned_mc600_series
__setup__.product_reporting_system_industrial_fanned_mc600_series_mc600_52,MC600-52,__setup__.product_reporting_series_industrial_fanned_mc600_series
__setup__.product_reporting_system_industrial_fanned_mc600_series_mc610_10,MC610-10,__setup__.product_reporting_series_industrial_fanned_mc600_series
__setup__.product_reporting_system_industrial_fanned_mc600_series_mc610_50,MC610-50,__setup__.product_reporting_series_industrial_fanned_mc600_series
__setup__.product_reporting_system_industrial_fanned_mc600_series_mc610_50_tm610_,MC610-50 (TM610),__setup__.product_reporting_series_industrial_fanned_mc600_series
__setup__.product_reporting_system_industrial_fanned_mc600_series_mc610_55,MC610-55,__setup__.product_reporting_series_industrial_fanned_mc600_series
__setup__.product_reporting_system_industrial_gateway_hx300_series_hx310,HX310,__setup__.product_reporting_series_industrial_gateway_hx300_series
__setup__.product_reporting_system_industrial_gateway_hx300_series_hx330,HX330,__setup__.product_reporting_series_industrial_gateway_hx300_series
__setup__.product_reporting_system_industrial_gateway_hx300_series_hx330_tm260_,HX330 (TM260),__setup__.product_reporting_series_industrial_gateway_hx300_series
__setup__.product_reporting_system_industrial_gateway_ml200_series_ml200_other_,ML200 (Other),__setup__.product_reporting_series_industrial_gateway_ml200_series
__setup__.product_reporting_system_industrial_gateway_ml200_series_ml210g_10,ML210G-10,__setup__.product_reporting_series_industrial_gateway_ml200_series
__setup__.product_reporting_system_industrial_gateway_ml200_series_ml210g_10_tm200_,ML210G-10 (TM200),__setup__.product_reporting_series_industrial_gateway_ml200_series
__setup__.product_reporting_system_industrial_gateway_ml200_series_ml210g_11,ML210G-11,__setup__.product_reporting_series_industrial_gateway_ml200_series
__setup__.product_reporting_system_industrial_gateway_ml200_series_ml210g_12,ML210G-12,__setup__.product_reporting_series_industrial_gateway_ml200_series
__setup__.product_reporting_system_industrial_gateway_ml200_series_ml210g_50,ML210G-50,__setup__.product_reporting_series_industrial_gateway_ml200_series
__setup__.product_reporting_system_industrial_gateway_ml200_series_ml210g_51,ML210G-51,__setup__.product_reporting_series_industrial_gateway_ml200_series
__setup__.product_reporting_system_industrial_gateway_ml250_series_ml250_other_,ML250 (Other),__setup__.product_reporting_series_industrial_gateway_ml250_series
__setup__.product_reporting_system_industrial_gateway_ml300_series_ml300_other_,ML300 (Other),__setup__.product_reporting_series_industrial_gateway_ml300_series
__setup__.product_reporting_system_industrial_gateway_ml300_series_ml340g_10,ML340G-10,__setup__.product_reporting_series_industrial_gateway_ml300_series
__setup__.product_reporting_system_industrial_gateway_ml300_series_ml340g_50,ML340G-50,__setup__.product_reporting_series_industrial_gateway_ml300_series
__setup__.product_reporting_system_industrial_gateway_ml300_series_ml340g_51,ML340G-51,__setup__.product_reporting_series_industrial_gateway_ml300_series
__setup__.product_reporting_system_industrial_gateway_ml300_series_ml350g_10,ML350G-10,__setup__.product_reporting_series_industrial_gateway_ml300_series
__setup__.product_reporting_system_industrial_gateway_ml300_series_ml350g_10_grl600_,ML350G-10 (GRL600),__setup__.product_reporting_series_industrial_gateway_ml300_series
__setup__.product_reporting_system_industrial_gateway_ml300_series_ml350g_10_igl100_,ML350G-10 (IGL100),__setup__.product_reporting_series_industrial_gateway_ml300_series
__setup__.product_reporting_system_industrial_gateway_ml300_series_ml350g_10_ign100_,ML350G-10 (IGN100),__setup__.product_reporting_series_industrial_gateway_ml300_series
__setup__.product_reporting_system_industrial_gateway_ml300_series_ml350g_10_tm250_,ML350G-10 (TM250),__setup__.product_reporting_series_industrial_gateway_ml300_series
__setup__.product_reporting_system_industrial_legacy_industrial_legacy_industrial_industrial_other_,Industrial (Other),__setup__.product_reporting_series_industrial_legacy_industrial_legacy_industrial
__setup__.product_reporting_system_industrial_legacy_industrial_nc100_series_nc100_50,NC100-50,__setup__.product_reporting_series_industrial_legacy_industrial_nc100_series
__setup__.product_reporting_system_industrial_legacy_industrial_nc200_series_nc200_other_,NC200 (Other),__setup__.product_reporting_series_industrial_legacy_industrial_nc200_series
__setup__.product_reporting_system_industrial_performance_hx500_series_hx500,HX500,__setup__.product_reporting_series_industrial_performance_hx500_series
__setup__.product_reporting_system_industrial_performance_hx500_series_hx500_ign700_,HX500 (IGN700),__setup__.product_reporting_series_industrial_performance_hx500_series
__setup__.product_reporting_system_industrial_performance_hx500_series_hx511,HX511,__setup__.product_reporting_series_industrial_performance_hx500_series
__setup__.product_reporting_system_industrial_performance_hx500_series_hx521,HX521,__setup__.product_reporting_series_industrial_performance_hx500_series
__setup__.product_reporting_system_industrial_performance_hx500_series_hx522,HX522,__setup__.product_reporting_series_industrial_performance_hx500_series
__setup__.product_reporting_system_industrial_performance_hx500_series_hx523,HX523,__setup__.product_reporting_series_industrial_performance_hx500_series
__setup__.product_reporting_system_industrial_performance_hx500_series_hx524,HX524,__setup__.product_reporting_series_industrial_performance_hx500_series
__setup__.product_reporting_system_industrial_performance_hx500_series_hx525,HX525,__setup__.product_reporting_series_industrial_performance_hx500_series
__setup__.product_reporting_system_industrial_performance_hx600_series_hx600,HX600,__setup__.product_reporting_series_industrial_performance_hx600_series
__setup__.product_reporting_system_industrial_performance_hx600_series_hx610,HX610,__setup__.product_reporting_series_industrial_performance_hx600_series
__setup__.product_reporting_system_industrial_performance_ml400_series_ml400_other_,ML400 (Other),__setup__.product_reporting_series_industrial_performance_ml400_series
__setup__.product_reporting_system_industrial_performance_ml400_series_ml400b_50,ML400B-50,__setup__.product_reporting_series_industrial_performance_ml400_series
__setup__.product_reporting_system_industrial_performance_ml400_series_ml400g_10,ML400G-10,__setup__.product_reporting_series_industrial_performance_ml400_series
__setup__.product_reporting_system_industrial_performance_ml400_series_ml400g_12,ML400G-12,__setup__.product_reporting_series_industrial_performance_ml400_series
__setup__.product_reporting_system_industrial_performance_ml400_series_ml400g_14,ML400G-14,__setup__.product_reporting_series_industrial_performance_ml400_series
__setup__.product_reporting_system_industrial_performance_ml400_series_ml400g_30,ML400G-30,__setup__.product_reporting_series_industrial_performance_ml400_series
__setup__.product_reporting_system_industrial_performance_ml400_series_ml400g_50,ML400G-50,__setup__.product_reporting_series_industrial_performance_ml400_series
__setup__.product_reporting_system_industrial_performance_ml400_series_ml400g_51,ML400G-51,__setup__.product_reporting_series_industrial_performance_ml400_series
__setup__.product_reporting_system_industrial_performance_ml400_series_ml400g_52,ML400G-52,__setup__.product_reporting_series_industrial_performance_ml400_series
__setup__.product_reporting_system_industrial_performance_ml400_series_ml450g_10,ML450G-10,__setup__.product_reporting_series_industrial_performance_ml400_series
__setup__.product_reporting_system_industrial_performance_ml400_series_ml450g_11,ML450G-11,__setup__.product_reporting_series_industrial_performance_ml400_series
__setup__.product_reporting_system_industrial_performance_ml400_series_ml450g_12,ML450G-12,__setup__.product_reporting_series_industrial_performance_ml400_series
__setup__.product_reporting_system_industrial_performance_ml400_series_ml450g_50,ML450G-50,__setup__.product_reporting_series_industrial_performance_ml400_series
__setup__.product_reporting_system_industrial_performance_ml400_series_ml450g_51,ML450G-51,__setup__.product_reporting_series_industrial_performance_ml400_series
__setup__.product_reporting_system_industrial_performance_ml400_series_ml450g_52,ML450G-52,__setup__.product_reporting_series_industrial_performance_ml400_series
__setup__.product_reporting_system_industrial_performance_ml400_series_ml450g_53,ML450G-53,__setup__.product_reporting_series_industrial_performance_ml400_series
__setup__.product_reporting_system_industrial_performance_ml500_series_ml500_other_,ML500 (Other),__setup__.product_reporting_series_industrial_performance_ml500_series
__setup__.product_reporting_system_industrial_performance_ml500_series_ml500g_30,ML500G-30,__setup__.product_reporting_series_industrial_performance_ml500_series
__setup__.product_reporting_system_industrial_performance_ml500_series_ml500g_50,ML500G-50,__setup__.product_reporting_series_industrial_performance_ml500_series
__setup__.product_reporting_system_industrial_performance_ml500_series_ml500g_51,ML500G-51,__setup__.product_reporting_series_industrial_performance_ml500_series
__setup__.product_reporting_system_industrial_performance_ml500_series_ml510g_50,ML510G-50,__setup__.product_reporting_series_industrial_performance_ml500_series
__setup__.product_reporting_system_industrial_performance_ml500_series_ml510g_50_grl500_,ML510G-50 (GRL500),__setup__.product_reporting_series_industrial_performance_ml500_series
__setup__.product_reporting_system_industrial_performance_ml600_series_ml600g_10,ML600G-10,__setup__.product_reporting_series_industrial_performance_ml600_series
__setup__.product_reporting_system_industrial_performance_ml600_series_ml600g_30,ML600G-30,__setup__.product_reporting_series_industrial_performance_ml600_series
__setup__.product_reporting_system_industrial_performance_ml600_series_ml600g_50,ML600G-50,__setup__.product_reporting_series_industrial_performance_ml600_series
__setup__.product_reporting_system_industrial_performance_ml600_series_ml600g_51,ML600G-51,__setup__.product_reporting_series_industrial_performance_ml600_series
__setup__.product_reporting_system_industrial_performance_ml600_series_ml600g_52,ML600G-52,__setup__.product_reporting_series_industrial_performance_ml600_series
__setup__.product_reporting_system_industrial_performance_ml600_series_ml600g_53,ML600G-53,__setup__.product_reporting_series_industrial_performance_ml600_series
__setup__.product_reporting_system_industrial_small_form_factor_cl100_series_cl100,CL100,__setup__.product_reporting_series_industrial_small_form_factor_cl100_series
__setup__.product_reporting_system_industrial_small_form_factor_cl100_series_cl100_tm700_,CL100 (TM700),__setup__.product_reporting_series_industrial_small_form_factor_cl100_series
__setup__.product_reporting_system_industrial_small_form_factor_cl200_series_cl200g_10,CL200G-10,__setup__.product_reporting_series_industrial_small_form_factor_cl200_series
__setup__.product_reporting_system_industrial_small_form_factor_cl200_series_cl200g_10_other_,CL200G-10 (Other),__setup__.product_reporting_series_industrial_small_form_factor_cl200_series
__setup__.product_reporting_system_industrial_small_form_factor_cl200_series_cl200g_11,CL200G-11,__setup__.product_reporting_series_industrial_small_form_factor_cl200_series
__setup__.product_reporting_system_industrial_small_form_factor_cl200_series_cl210g_10,CL210G-10,__setup__.product_reporting_series_industrial_small_form_factor_cl200_series
__setup__.product_reporting_system_industrial_small_form_factor_cl200_series_cl210g_10_igl200_,CL210G-10 (IGL200),__setup__.product_reporting_series_industrial_small_form_factor_cl200_series
__setup__.product_reporting_system_industrial_small_form_factor_cl200_series_cl210g_10_ign600_,CL210G-10 (IGN600),__setup__.product_reporting_series_industrial_small_form_factor_cl200_series
__setup__.product_reporting_system_industrial_small_form_factor_cl200_series_cl210g_10_other_,CL210G-10 (Other),__setup__.product_reporting_series_industrial_small_form_factor_cl200_series
__setup__.product_reporting_system_industrial_small_form_factor_cl200_series_cl210g_10_tm110_,CL210G-10 (TM110),__setup__.product_reporting_series_industrial_small_form_factor_cl200_series
__setup__.product_reporting_system_industrial_small_form_factor_cl200_series_cl210g_11,CL210G-11,__setup__.product_reporting_series_industrial_small_form_factor_cl200_series
__setup__.product_reporting_system_industrial_small_form_factor_cl200_series_cl210g_11_other_,CL210G-11 (Other),__setup__.product_reporting_series_industrial_small_form_factor_cl200_series
__setup__.product_reporting_system_industrial_small_form_factor_cl200_series_cl250,CL250,__setup__.product_reporting_series_industrial_small_form_factor_cl200_series
__setup__.product_reporting_system_industrial_small_form_factor_cl200_series_cl250_ign610_,CL250 (IGN610),__setup__.product_reporting_series_industrial_small_form_factor_cl200_series
__setup__.product_reporting_system_industrial_small_form_factor_cl200_series_cl250_tm710_,CL250 (TM710),__setup__.product_reporting_series_industrial_small_form_factor_cl200_series
__setup__.product_reporting_system_industrial_small_form_factor_fr200_series_fr201,FR201,__setup__.product_reporting_series_industrial_small_form_factor_fr200_series
__setup__.product_reporting_system_industrial_small_form_factor_fr200_series_fr201_ign800_,FR201 (IGN800),__setup__.product_reporting_series_industrial_small_form_factor_fr200_series
__setup__.product_reporting_system_industrial_small_form_factor_fr200_series_fr202,FR202,__setup__.product_reporting_series_industrial_small_form_factor_fr200_series
__setup__.product_reporting_system_industrial_small_form_factor_fr200_series_fr202_ign802_,FR202 (IGN802),__setup__.product_reporting_series_industrial_small_form_factor_fr200_series
__setup__.product_reporting_system_panel_cincoze_panel_p1000_series_cs_p1001,CS-P1001,__setup__.product_reporting_series_panel_cincoze_panel_p1000_series
__setup__.product_reporting_system_panel_cincoze_panel_p1000_series_cs_p1101,CS-P1101,__setup__.product_reporting_series_panel_cincoze_panel_p1000_series
__setup__.product_reporting_system_panel_cincoze_panel_p1000_series_cv_p1001,CV-P1001,__setup__.product_reporting_series_panel_cincoze_panel_p1000_series
__setup__.product_reporting_system_panel_cincoze_panel_p1000_series_cv_p1101,CV-P1101,__setup__.product_reporting_series_panel_cincoze_panel_p1000_series
__setup__.product_reporting_system_panel_cincoze_panel_p1000_series_cv_p1101_tm410_,CV-P1101 (TM410),__setup__.product_reporting_series_panel_cincoze_panel_p1000_series
__setup__.product_reporting_system_panel_cincoze_panel_p1000_series_cv_p1301,CV-P1301,__setup__.product_reporting_series_panel_cincoze_panel_p1000_series
__setup__.product_reporting_system_panel_cincoze_panel_p2000_series_cs_p2002,CS-P2002,__setup__.product_reporting_series_panel_cincoze_panel_p2000_series
__setup__.product_reporting_system_panel_cincoze_panel_p2000_series_cs_p2102,CS-P2102,__setup__.product_reporting_series_panel_cincoze_panel_p2000_series
__setup__.product_reporting_system_panel_cincoze_panel_p2000_series_cv_p2002,CV-P2002,__setup__.product_reporting_series_panel_cincoze_panel_p2000_series
__setup__.product_reporting_system_panel_cincoze_panel_p2000_series_cv_p2102,CV-P2102,__setup__.product_reporting_series_panel_cincoze_panel_p2000_series
__setup__.product_reporting_system_panel_cincoze_panel_p2000_series_cv_p2202,CV-P2202,__setup__.product_reporting_series_panel_cincoze_panel_p2000_series
__setup__.product_reporting_system_panel_cincoze_panel_p2000_series_p1101_ign310_,P1101 (IGN310),__setup__.product_reporting_series_panel_cincoze_panel_p2000_series
__setup__.product_reporting_system_panel_cincoze_panel_p2000_series_p2002_ign300_,P2002 (IGN300),__setup__.product_reporting_series_panel_cincoze_panel_p2000_series
__setup__.product_reporting_system_panel_cincoze_panel_p2000_series_p2102_ign320_,P2102 (IGN320),__setup__.product_reporting_series_panel_cincoze_panel_p2000_series
__setup__.product_reporting_system_panel_mitac_panel_d_series_d210_11ks,D210-11KS,__setup__.product_reporting_series_panel_mitac_panel_d_series
__setup__.product_reporting_system_panel_mitac_panel_p100_series_p100_10as,P100-10AS,__setup__.product_reporting_series_panel_mitac_panel_p100_series
__setup__.product_reporting_system_panel_onlogic_panel_tacton_series_tc401,TC401,__setup__.product_reporting_series_panel_onlogic_panel_tacton_series
__setup__.product_reporting_system_panel_onlogic_panel_tacton_series_tn101,TN101,__setup__.product_reporting_series_panel_onlogic_panel_tacton_series
__setup__.product_reporting_system_panel_panel_pc_p1000_series_cv_p1101,CV-P1101,__setup__.product_reporting_series_panel_panel_pc_p1000_series
__setup__.product_reporting_system_panel_by_cincoze_components_components_m1101,M1101,__setup__.product_reporting_series_panel_by_cincoze_components_components
__setup__.product_reporting_system_rugged_entry_da_series_da_1000,DA-1000,__setup__.product_reporting_series_rugged_entry_da_series
__setup__.product_reporting_system_rugged_entry_da_series_da_1100,DA-1100,__setup__.product_reporting_series_rugged_entry_da_series
__setup__.product_reporting_system_rugged_entry_dc_series_dc_1100,DC-1100,__setup__.product_reporting_series_rugged_entry_dc_series
__setup__.product_reporting_system_rugged_entry_dc_series_dc_1100_tm300_,DC-1100 (TM300),__setup__.product_reporting_series_rugged_entry_dc_series
__setup__.product_reporting_system_rugged_entry_dc_series_dc_1200,DC-1200,__setup__.product_reporting_series_rugged_entry_dc_series
__setup__.product_reporting_system_rugged_entry_k300_series_k300,K300,__setup__.product_reporting_series_rugged_entry_k300_series
__setup__.product_reporting_system_rugged_entry_k300_series_k300_ckt110_,K300 (CKT110),__setup__.product_reporting_series_rugged_entry_k300_series
__setup__.product_reporting_system_rugged_entry_k300_series_k300_igl300_,K300 (IGL300),__setup__.product_reporting_series_rugged_entry_k300_series
__setup__.product_reporting_system_rugged_entry_k300_series_k300_ign200_,K300 (IGN200),__setup__.product_reporting_series_rugged_entry_k300_series
__setup__.product_reporting_system_rugged_entry_k400_series_k410,K410,__setup__.product_reporting_series_rugged_entry_k400_series
__setup__.product_reporting_system_rugged_entry_k400_series_k410_ign210_,K410 (IGN210),__setup__.product_reporting_series_rugged_entry_k400_series
__setup__.product_reporting_system_rugged_entry_k400_series_k430,K430,__setup__.product_reporting_series_rugged_entry_k400_series
__setup__.product_reporting_system_rugged_entry_nuvo_series_nuvo_5501,Nuvo-5501,__setup__.product_reporting_series_rugged_entry_nuvo_series
__setup__.product_reporting_system_rugged_entry_p1000_series_p1001,P1001,__setup__.product_reporting_series_rugged_entry_p1000_series
__setup__.product_reporting_system_rugged_entry_p1000_series_p1001_tm400_,P1001 (TM400),__setup__.product_reporting_series_rugged_entry_p1000_series
__setup__.product_reporting_system_rugged_entry_p1000_series_p1101,P1101,__setup__.product_reporting_series_rugged_entry_p1000_series
__setup__.product_reporting_system_rugged_entry_p1000_series_p1101_igl500_,P1101 (IGL500),__setup__.product_reporting_series_rugged_entry_p1000_series
__setup__.product_reporting_system_rugged_entry_p2000_series_p2002,P2002,__setup__.product_reporting_series_rugged_entry_p2000_series
__setup__.product_reporting_system_rugged_entry_poc_series_poc_300,POC-300,__setup__.product_reporting_series_rugged_entry_poc_series
__setup__.product_reporting_system_rugged_entry_poc_series_poc_351vtc,POC-351VTC,__setup__.product_reporting_series_rugged_entry_poc_series
__setup__.product_reporting_system_rugged_high_performance_gp_series_gp_3001,GP-3001,__setup__.product_reporting_series_rugged_high_performance_gp_series
__setup__.product_reporting_system_rugged_high_performance_gp_series_gp_3002,GP-3002,__setup__.product_reporting_series_rugged_high_performance_gp_series
__setup__.product_reporting_system_rugged_high_performance_nuvo_series_nuvo_6000,Nuvo-6000,__setup__.product_reporting_series_rugged_high_performance_nuvo_series
__setup__.product_reporting_system_rugged_high_performance_nuvo_series_nuvo_8108gc,Nuvo-8108GC,__setup__.product_reporting_series_rugged_high_performance_nuvo_series
__setup__.product_reporting_system_rugged_high_performance_nuvo_series_nuvo_8208gc,Nuvo-8208GC,__setup__.product_reporting_series_rugged_high_performance_nuvo_series
__setup__.product_reporting_system_rugged_high_performance_nuvo_series_rgs_8805gc,RGS-8805GC,__setup__.product_reporting_series_rugged_high_performance_nuvo_series
__setup__.product_reporting_system_rugged_jetson_nx_series_jetnx8,JETNX8,__setup__.product_reporting_series_rugged_jetson_nx_series
__setup__.product_reporting_system_rugged_jetson_nx_series_jetnx8_f,JETNX8-F,__setup__.product_reporting_series_rugged_jetson_nx_series
__setup__.product_reporting_system_rugged_legacy_rugged_igt_series_igt_20,IGT-20,__setup__.product_reporting_series_rugged_legacy_rugged_igt_series
__setup__.product_reporting_system_rugged_legacy_rugged_legacy_rugged_rugged_other_,Rugged (Other),__setup__.product_reporting_series_rugged_legacy_rugged_legacy_rugged
__setup__.product_reporting_system_rugged_legacy_rugged_nuvis_series_nuvis_3304af,Nuvis-3304af,__setup__.product_reporting_series_rugged_legacy_rugged_nuvis_series
__setup__.product_reporting_system_rugged_legacy_rugged_nuvis_series_nuvis_5306rt,Nuvis-5306RT,__setup__.product_reporting_series_rugged_legacy_rugged_nuvis_series
__setup__.product_reporting_system_rugged_legacy_rugged_nuvo_series_nuvo_1000,Nuvo-1000,__setup__.product_reporting_series_rugged_legacy_rugged_nuvo_series
__setup__.product_reporting_system_rugged_legacy_rugged_nuvo_series_nuvo_1300af,Nuvo-1300af,__setup__.product_reporting_series_rugged_legacy_rugged_nuvo_series
__setup__.product_reporting_system_rugged_legacy_rugged_nuvo_series_nuvo_2510vtc,Nuvo-2510VTC,__setup__.product_reporting_series_rugged_legacy_rugged_nuvo_series
__setup__.product_reporting_system_rugged_legacy_rugged_nuvo_series_nuvo_3000,Nuvo-3000,__setup__.product_reporting_series_rugged_legacy_rugged_nuvo_series
__setup__.product_reporting_system_rugged_legacy_rugged_nuvo_series_nuvo_3000lp,Nuvo-3000LP,__setup__.product_reporting_series_rugged_legacy_rugged_nuvo_series
__setup__.product_reporting_system_rugged_legacy_rugged_nuvo_series_nuvo_3000tb,Nuvo-3000TB,__setup__.product_reporting_series_rugged_legacy_rugged_nuvo_series
__setup__.product_reporting_system_rugged_legacy_rugged_nuvo_series_nuvo_3100vtc,Nuvo-3100VTC,__setup__.product_reporting_series_rugged_legacy_rugged_nuvo_series
__setup__.product_reporting_system_rugged_legacy_rugged_nuvo_series_nuvo_4000,Nuvo-4000,__setup__.product_reporting_series_rugged_legacy_rugged_nuvo_series
__setup__.product_reporting_system_rugged_legacy_rugged_nuvo_series_nuvo_5026e,Nuvo-5026E,__setup__.product_reporting_series_rugged_legacy_rugged_nuvo_series
__setup__.product_reporting_system_rugged_legacy_rugged_nuvo_series_nuvo_5100vtc,Nuvo-5100VTC,__setup__.product_reporting_series_rugged_legacy_rugged_nuvo_series
__setup__.product_reporting_system_rugged_legacy_rugged_nuvo_series_nuvo_6108gc,Nuvo-6108GC,__setup__.product_reporting_series_rugged_legacy_rugged_nuvo_series
__setup__.product_reporting_system_rugged_legacy_rugged_nuvo_series_nuvo_7000de,Nuvo-7000DE,__setup__.product_reporting_series_rugged_legacy_rugged_nuvo_series
__setup__.product_reporting_system_rugged_legacy_rugged_nuvo_series_nuvo_7100vtc,Nuvo-7100VTC,__setup__.product_reporting_series_rugged_legacy_rugged_nuvo_series
__setup__.product_reporting_system_rugged_legacy_rugged_nuvo_series_nuvo_7200vtc,Nuvo-7200VTC,__setup__.product_reporting_series_rugged_legacy_rugged_nuvo_series
__setup__.product_reporting_system_rugged_legacy_rugged_poc_series_poc_100,POC-100,__setup__.product_reporting_series_rugged_legacy_rugged_poc_series
__setup__.product_reporting_system_rugged_legacy_rugged_poc_series_poc_120,POC-120,__setup__.product_reporting_series_rugged_legacy_rugged_poc_series
__setup__.product_reporting_system_rugged_legacy_rugged_poc_series_poc_200,POC-200,__setup__.product_reporting_series_rugged_legacy_rugged_poc_series
__setup__.product_reporting_system_rugged_mid_tier_de_series_de_1000,DE-1000,__setup__.product_reporting_series_rugged_mid_tier_de_series
__setup__.product_reporting_system_rugged_mid_tier_de_series_de_1001,DE-1001,__setup__.product_reporting_series_rugged_mid_tier_de_series
__setup__.product_reporting_system_rugged_mid_tier_di_series_di_1000,DI-1000,__setup__.product_reporting_series_rugged_mid_tier_di_series
__setup__.product_reporting_system_rugged_mid_tier_di_series_di_1100,DI-1100,__setup__.product_reporting_series_rugged_mid_tier_di_series
__setup__.product_reporting_system_rugged_mid_tier_ds_series_ds_1000,DS-1000,__setup__.product_reporting_series_rugged_mid_tier_ds_series
__setup__.product_reporting_system_rugged_mid_tier_ds_series_ds_1001,DS-1001,__setup__.product_reporting_series_rugged_mid_tier_ds_series
__setup__.product_reporting_system_rugged_mid_tier_ds_series_ds_1002,DS-1002,__setup__.product_reporting_series_rugged_mid_tier_ds_series
__setup__.product_reporting_system_rugged_mid_tier_ds_series_ds_1100,DS-1100,__setup__.product_reporting_series_rugged_mid_tier_ds_series
__setup__.product_reporting_system_rugged_mid_tier_ds_series_ds_1101,DS-1101,__setup__.product_reporting_series_rugged_mid_tier_ds_series
__setup__.product_reporting_system_rugged_mid_tier_ds_series_ds_1102,DS-1102,__setup__.product_reporting_series_rugged_mid_tier_ds_series
__setup__.product_reporting_system_rugged_mid_tier_ds_series_ds_1200,DS-1200,__setup__.product_reporting_series_rugged_mid_tier_ds_series
__setup__.product_reporting_system_rugged_mid_tier_ds_series_ds_1201,DS-1201,__setup__.product_reporting_series_rugged_mid_tier_ds_series
__setup__.product_reporting_system_rugged_mid_tier_ds_series_ds_1202,DS-1202,__setup__.product_reporting_series_rugged_mid_tier_ds_series
__setup__.product_reporting_system_rugged_mid_tier_ds_series_ds_1300,DS-1300,__setup__.product_reporting_series_rugged_mid_tier_ds_series
__setup__.product_reporting_system_rugged_mid_tier_ds_series_ds_1301,DS-1301,__setup__.product_reporting_series_rugged_mid_tier_ds_series
__setup__.product_reporting_system_rugged_mid_tier_ds_series_ds_1302,DS-1302,__setup__.product_reporting_series_rugged_mid_tier_ds_series
__setup__.product_reporting_system_rugged_mid_tier_dx_series_dx_1000,DX-1000,__setup__.product_reporting_series_rugged_mid_tier_dx_series
__setup__.product_reporting_system_rugged_mid_tier_dx_series_dx_1100,DX-1100,__setup__.product_reporting_series_rugged_mid_tier_dx_series
__setup__.product_reporting_system_rugged_mid_tier_dx_series_dx_1100_grl200_,DX-1100 (GRL200),__setup__.product_reporting_series_rugged_mid_tier_dx_series
__setup__.product_reporting_system_rugged_mid_tier_dx_series_dx_1200,DX-1200,__setup__.product_reporting_series_rugged_mid_tier_dx_series
__setup__.product_reporting_system_rugged_mid_tier_nuvo_series_nuvo_7501,Nuvo-7501,__setup__.product_reporting_series_rugged_mid_tier_nuvo_series
__setup__.product_reporting_system_rugged_mid_tier_p2000_series_p2102,P2102,__setup__.product_reporting_series_rugged_mid_tier_p2000_series
__setup__.product_reporting_system_rugged_mid_tier_p2000_series_p2202,P2202,__setup__.product_reporting_series_rugged_mid_tier_p2000_series
__setup__.product_reporting_system_rugged_mid_tier_poc_series_poc_500,POC-500,__setup__.product_reporting_series_rugged_mid_tier_poc_series
__setup__.product_reporting_system_rugged_performance_gm_series_gm_1000,GM-1000,__setup__.product_reporting_series_rugged_performance_gm_series
__setup__.product_reporting_system_rugged_performance_k700_series_k700_se,K700-SE,__setup__.product_reporting_series_rugged_performance_k700_series
__setup__.product_reporting_system_rugged_performance_k700_series_k700_se_grl400_,K700-SE (GRL400),__setup__.product_reporting_series_rugged_performance_k700_series
__setup__.product_reporting_system_rugged_performance_k700_series_k700_se_ign400_,K700-SE (IGN400),__setup__.product_reporting_series_rugged_performance_k700_series
__setup__.product_reporting_system_rugged_performance_k700_series_k700_se_2,K700-SE-2,__setup__.product_reporting_series_rugged_performance_k700_series
__setup__.product_reporting_system_rugged_performance_k700_series_k700_x2,K700-X2,__setup__.product_reporting_series_rugged_performance_k700_series
__setup__.product_reporting_system_rugged_performance_k700_series_k700_x2_2,K700-X2-2,__setup__.product_reporting_series_rugged_performance_k700_series
__setup__.product_reporting_system_rugged_performance_k800_series_k801,K801,__setup__.product_reporting_series_rugged_performance_k800_series
__setup__.product_reporting_system_rugged_performance_k800_series_k802,K802,__setup__.product_reporting_series_rugged_performance_k800_series
__setup__.product_reporting_system_rugged_performance_k800_series_k803,K803,__setup__.product_reporting_series_rugged_performance_k800_series
__setup__.product_reporting_system_rugged_performance_k800_series_k804,K804,__setup__.product_reporting_series_rugged_performance_k800_series
__setup__.product_reporting_system_rugged_performance_nuvo_series_nuvo_5000,Nuvo-5000,__setup__.product_reporting_series_rugged_performance_nuvo_series
__setup__.product_reporting_system_rugged_performance_nuvo_series_nuvo_5000lp,Nuvo-5000LP,__setup__.product_reporting_series_rugged_performance_nuvo_series
__setup__.product_reporting_system_rugged_performance_nuvo_series_nuvo_5095gc,Nuvo-5095GC,__setup__.product_reporting_series_rugged_performance_nuvo_series
__setup__.product_reporting_system_rugged_performance_nuvo_series_nuvo_7000e,Nuvo-7000E,__setup__.product_reporting_series_rugged_performance_nuvo_series
__setup__.product_reporting_system_rugged_performance_nuvo_series_nuvo_7000lp,Nuvo-7000LP,__setup__.product_reporting_series_rugged_performance_nuvo_series
__setup__.product_reporting_system_rugged_performance_nuvo_series_nuvo_7160gc,Nuvo-7160GC,__setup__.product_reporting_series_rugged_performance_nuvo_series
__setup__.product_reporting_system_rugged_performance_nuvo_series_nuvo_9160gc,Nuvo-9160GC,__setup__.product_reporting_series_rugged_performance_nuvo_series
__setup__.product_reporting_system_rugged_rugged_by_cincoze_gp_series_gp_3100,GP-3100,__setup__.product_reporting_series_rugged_rugged_by_cincoze_gp_series
__setup__.product_reporting_system_rugged_rugged_by_onlogic_k800_series_k804,K804,__setup__.product_reporting_series_rugged_rugged_by_onlogic_k800_series
__setup__.product_reporting_system_rugged_rugged_jetson_nru_series_nru_120s,NRU-120S,__setup__.product_reporting_series_rugged_rugged_jetson_nru_series
__setup__.product_reporting_system_server_1u_1_5u_rackmount_axial_series_ac101,AC101,__setup__.product_reporting_series_server_1u_1_5u_rackmount_axial_series
__setup__.product_reporting_system_server_1u_1_5u_rackmount_mk100_series_mk100_other_,MK100 (Other),__setup__.product_reporting_series_server_1u_1_5u_rackmount_mk100_series
__setup__.product_reporting_system_server_1u_1_5u_rackmount_mk100_series_mk100b_10,MK100B-10,__setup__.product_reporting_series_server_1u_1_5u_rackmount_mk100_series
__setup__.product_reporting_system_server_1u_1_5u_rackmount_mk100_series_mk100b_40,MK100B-40,__setup__.product_reporting_series_server_1u_1_5u_rackmount_mk100_series
__setup__.product_reporting_system_server_1u_1_5u_rackmount_mk100_series_mk100b_50,MK100B-50,__setup__.product_reporting_series_server_1u_1_5u_rackmount_mk100_series
__setup__.product_reporting_system_server_1u_1_5u_rackmount_mk100_series_mk100b_51,MK100B-51,__setup__.product_reporting_series_server_1u_1_5u_rackmount_mk100_series
__setup__.product_reporting_system_server_1u_1_5u_rackmount_mk100_series_mk100b_52,MK100B-52,__setup__.product_reporting_series_server_1u_1_5u_rackmount_mk100_series
__setup__.product_reporting_system_server_1u_1_5u_rackmount_mk100_series_mk100b_53,MK100B-53,__setup__.product_reporting_series_server_1u_1_5u_rackmount_mk100_series
__setup__.product_reporting_system_server_1u_1_5u_rackmount_mk100_series_mk100b_54,MK100B-54,__setup__.product_reporting_series_server_1u_1_5u_rackmount_mk100_series
__setup__.product_reporting_system_server_1u_1_5u_rackmount_mk100_series_mk100b_70,MK100B-70,__setup__.product_reporting_series_server_1u_1_5u_rackmount_mk100_series
__setup__.product_reporting_system_server_1u_1_5u_rackmount_mk100_series_mk101b_30,MK101B-30,__setup__.product_reporting_series_server_1u_1_5u_rackmount_mk100_series
__setup__.product_reporting_system_server_1u_1_5u_rackmount_mk150_series_mk150_other_,MK150 (Other),__setup__.product_reporting_series_server_1u_1_5u_rackmount_mk150_series
__setup__.product_reporting_system_server_1u_1_5u_rackmount_mk150_series_mk150b_10,MK150B-10,__setup__.product_reporting_series_server_1u_1_5u_rackmount_mk150_series
__setup__.product_reporting_system_server_1u_1_5u_rackmount_mk150_series_mk150b_30,MK150B-30,__setup__.product_reporting_series_server_1u_1_5u_rackmount_mk150_series
__setup__.product_reporting_system_server_1u_1_5u_rackmount_mk150_series_mk150b_40,MK150B-40,__setup__.product_reporting_series_server_1u_1_5u_rackmount_mk150_series
__setup__.product_reporting_system_server_1u_1_5u_rackmount_mk150_series_mk150b_50,MK150B-50,__setup__.product_reporting_series_server_1u_1_5u_rackmount_mk150_series
__setup__.product_reporting_system_server_1u_1_5u_rackmount_mk150_series_mk150b_51,MK150B-51,__setup__.product_reporting_series_server_1u_1_5u_rackmount_mk150_series
__setup__.product_reporting_system_server_1u_1_5u_rackmount_mk150_series_mk150b_52,MK150B-52,__setup__.product_reporting_series_server_1u_1_5u_rackmount_mk150_series
__setup__.product_reporting_system_server_1u_1_5u_rackmount_mk150_series_mk150b_53,MK150B-53,__setup__.product_reporting_series_server_1u_1_5u_rackmount_mk150_series
__setup__.product_reporting_system_server_1u_1_5u_rackmount_mk150_series_mk150b_54,MK150B-54,__setup__.product_reporting_series_server_1u_1_5u_rackmount_mk150_series
__setup__.product_reporting_system_server_1u_1_5u_rackmount_mk150_series_mk150b_70,MK150B-70,__setup__.product_reporting_series_server_1u_1_5u_rackmount_mk150_series
__setup__.product_reporting_system_server_2u_rackmount_mk200_series_mk200_other_,MK200 (Other),__setup__.product_reporting_series_server_2u_rackmount_mk200_series
__setup__.product_reporting_system_server_2u_rackmount_mk200_series_mk200_60,MK200-60,__setup__.product_reporting_series_server_2u_rackmount_mk200_series
__setup__.product_reporting_system_server_2u_rackmount_mk200_series_mk200_70,MK200-70,__setup__.product_reporting_series_server_2u_rackmount_mk200_series
__setup__.product_reporting_system_server_3u_rackmount_axial_series_ax300,AX300,__setup__.product_reporting_series_server_3u_rackmount_axial_series
__setup__.product_reporting_system_server_3u_rackmount_axial_series_ax301,AX301,__setup__.product_reporting_series_server_3u_rackmount_axial_series
__setup__.product_reporting_system_server_3u_rackmount_axial_series_ax302,AX302,__setup__.product_reporting_series_server_3u_rackmount_axial_series
__setup__.product_reporting_system_server_3u_rackmount_axial_series_ax303,AX303,__setup__.product_reporting_series_server_3u_rackmount_axial_series
__setup__.product_reporting_system_server_3u_rackmount_axial_series_ax304,AX304,__setup__.product_reporting_series_server_3u_rackmount_axial_series
__setup__.product_reporting_system_server_3u_rackmount_axial_series_ax305,AX305,__setup__.product_reporting_series_server_3u_rackmount_axial_series
__setup__.product_reporting_system_server_3u_rackmount_axial_series_ax306,AX306,__setup__.product_reporting_series_server_3u_rackmount_axial_series
__setup__.product_reporting_system_server_3u_rackmount_axial_series_ax307,AX307,__setup__.product_reporting_series_server_3u_rackmount_axial_series
__setup__.product_reporting_system_server_3u_rackmount_axial_series_ax308,AX308,__setup__.product_reporting_series_server_3u_rackmount_axial_series
__setup__.product_reporting_system_server_4u_rackmount_mk400_series_mk400_other_,MK400 (Other),__setup__.product_reporting_series_server_4u_rackmount_mk400_series
__setup__.product_reporting_system_server_4u_rackmount_mk400_series_mk400_60,MK400-60,__setup__.product_reporting_series_server_4u_rackmount_mk400_series
__setup__.product_reporting_system_server_4u_rackmount_mk400_series_mk400_70,MK400-70,__setup__.product_reporting_series_server_4u_rackmount_mk400_series
__setup__.product_reporting_system_server_standalone_mc800_series_mc800_other_,MC800 (Other),__setup__.product_reporting_series_server_standalone_mc800_series
__setup__.product_reporting_system_server_standalone_mc850_series_mc850_40,MC850-40,__setup__.product_reporting_series_server_standalone_mc850_series
__setup__.product_reporting_system_server_standalone_mc850_series_mc850_50,MC850-50,__setup__.product_reporting_series_server_standalone_mc850_series
__setup__.product_reporting_system_server_standalone_mc850_series_mc850_51,MC850-51,__setup__.product_reporting_series_server_standalone_mc850_series
__setup__.product_reporting_system_server_standalone_mc850_series_mc850_52,MC850-52,__setup__.product_reporting_series_server_standalone_mc850_series
__setup__.product_reporting_system_server_standalone_mc850_series_mc850_53,MC850-53,__setup__.product_reporting_series_server_standalone_mc850_series
__setup__.product_reporting_system_server_standalone_mc850_series_mc850_54,MC850-54,__setup__.product_reporting_series_server_standalone_mc850_series
__setup__.product_reporting_system_server_standalone_mc850_series_mc850_70,MC850-70,__setup__.product_reporting_series_server_standalone_mc850_series
