id,model_id,field_description,name,attribute_type,relation_model_id,widget,translate,serialized,size,required,required_on_views,sequence,attribute_group_id,attribute_set_ids
ol_pim.attribute_brand,product.template,Brand,x_brand,select,,,,,0,,,0,Product Manager,"Accessories,Cables,Cases,Computers,Displays,Expansion,Heatsinks,Memory,Motherboards,Panel PCs,Power Supplies,Processors,Software,Storage"
ol_pim.attribute_customer_facing_name,product.template,Customer Facing Name,x_customer_facing_name,char,,,TRUE,,0,,,0,Product Manager,"Accessories,Assembly & Validation,Cables,Cases,Computers,Displays,Expansion,Heatsinks,Memory,Motherboards,Panel PCs,Power Supplies,Processors,Services,Software,Storage,Warranties"
ol_pim.attribute_customer_facing_short_name,product.template,Customer Facing Short Name,x_customer_facing_short_name,char,,,TRUE,,0,,,0,Product Manager,"Accessories,Assembly & Validation,Cables,Cases,Computers,Displays,Expansion,Heatsinks,Memory,Motherboards,Panel PCs,Power Supplies,Processors,Services,Software,Storage,Warranties"
ol_pim.attribute_eu_product_tax_code,product.template,EU Product Tax Code,x_eu_product_tax_code,select,,,,,0,,,0,Product Manager,"Accessories,Assembly & Validation,Cables,Cases,Computers,Displays,Expansion,Heatsinks,Memory,Motherboards,Panel PCs,Power Supplies,Processors,Services,Software,Storage,Warranties"
ol_pim.attribute_gtin,product.template,GTIN,x_gtin,char,,,TRUE,,0,,,0,Product Manager,"Accessories,Cables,Cases,Displays,Expansion,Heatsinks,Memory,Motherboards,Panel PCs,Power Supplies,Processors,Services,Software,Storage"
ol_pim.attribute_hardware_line,product.template,Hardware Line,x_hardware_line,select,,,,,0,,,0,Product Manager,"Computers,Panel PCs"
ol_pim.attribute_partner_series,product.template,Partner,x_partner_series,select,,,,,0,,,0,Product Manager,"Computers,Panel PCs"
ol_pim.attribute_reporting_category_category,product.template,Reporting Category: Category,x_reporting_category_category,select,,,,,0,,,0,Product Manager,"Accessories,Assembly & Validation,Cables,Cases,Computers,Displays,Expansion,Heatsinks,Memory,Motherboards,Panel PCs,Power Supplies,Processors,Services,Software,Storage,Warranties"
ol_pim.attribute_reporting_category_line,product.template,Reporting Category: Line,x_reporting_category_line,select,,,,,0,,,0,Product Manager,"Accessories,Assembly & Validation,Cables,Cases,Computers,Displays,Expansion,Heatsinks,Memory,Motherboards,Panel PCs,Power Supplies,Processors,Services,Software,Storage,Warranties"
ol_pim.attribute_reporting_category_series,product.template,Reporting Category: Series,x_reporting_category_series,select,,,,,0,,,0,Product Manager,"Accessories,Assembly & Validation,Cables,Cases,Computers,Displays,Expansion,Heatsinks,Memory,Motherboards,Panel PCs,Power Supplies,Processors,Services,Software,Storage,Warranties"
ol_pim.attribute_reporting_category_system,product.template,Reporting Category: System,x_reporting_category_system,select,,,,,0,,,0,Product Manager,"Accessories,Assembly & Validation,Cables,Cases,Computers,Displays,Expansion,Heatsinks,Memory,Motherboards,Panel PCs,Power Supplies,Processors,Services,Software,Storage,Warranties"
ol_pim.attribute_series,product.template,Series,x_series,select,,,,,0,,,0,Product Manager,"Computers,Panel PCs"
ol_pim.attribute_short_description,product.template,Short Description,x_short_description,text,,,TRUE,,0,,,0,Product Manager,"Accessories,Assembly & Validation,Cables,Cases,Computers,Displays,Expansion,Heatsinks,Memory,Motherboards,Panel PCs,Power Supplies,Processors,Services,Software,Storage,Warranties"
ol_pim.attribute_suitable_environments,product.template,Suitable Environments,x_suitable_environments,multiselect,,many2many_tags,,,0,,,0,Product Manager,"Accessories,Cables,Cases,Computers,Displays,Expansion,Heatsinks,Memory,Motherboards,Panel PCs,Power Supplies,Software"
ol_pim.attribute_upc,product.template,UPC,x_upc,char,,,TRUE,,0,,,0,Product Manager,"Accessories,Cables,Cases,Displays,Expansion,Heatsinks,Memory,Motherboards,Panel PCs,Power Supplies,Processors,Services,Software,Storage"
ol_pim.attribute_us_product_tax_code,product.template,US Product Tax Code,x_us_product_tax_code,select,,,,,0,,,0,Product Manager,"Accessories,Assembly & Validation,Cables,Cases,Computers,Displays,Expansion,Heatsinks,Memory,Motherboards,Panel PCs,Power Supplies,Processors,Services,Software,Storage,Warranties"
ol_pim.attribute_lifecycle_discontinued_date,product.template,Discontinued date,x_lifecycle_discontinued_date,date,,,,,0,,,0,Lifecycle,"Accessories,Cables,Cases,Computers,Displays,Expansion,Heatsinks,Memory,Motherboards,Panel PCs,Power Supplies,Processors,Storage"
ol_pim.attribute_lifecycle_eol_date,product.template,End of Life date,x_lifecycle_eol_date,date,,,,,0,,,0,Lifecycle,"Accessories,Cables,Cases,Displays,Expansion,Heatsinks,Memory,Motherboards,Panel PCs,Power Supplies,Processors,Services,Software,Storage"
ol_pim.attribute_lifecycle_expected_lifespan,product.template,Expected Lifespan,x_lifecycle_expected_lifespan,integer,,,,,0,,,0,Lifecycle,"Accessories,Cables,Cases,Computers,Displays,Expansion,Heatsinks,Memory,Motherboards,Panel PCs,Power Supplies,Processors,Software,Storage"
ol_pim.attribute_lifecycle_launch_date,product.template,Launch date,x_lifecycle_launch_date,date,,,,,0,,,0,Lifecycle,"Accessories,Cables,Cases,Computers,Displays,Expansion,Heatsinks,Memory,Motherboards,Panel PCs,Power Supplies,Processors,Software,Storage"
ol_pim.attribute_is_consigned,product.template,Consigned product.template,x_is_consigned,boolean,,boolean_toggle,,,0,,,0,Sales,"Accessories,Cables,Cases,Computers,Displays,Expansion,Heatsinks,Memory,Motherboards,Panel PCs,Power Supplies,Processors,Storage"
ol_pim.attribute_solution_categories,product.template,Solution Categories,x_solution_categories,multiselect,,many2many_tags,,,0,,,0,Sales,"Computers,Panel PCs"
ol_pim.attribute_system_categories,product.template,System Categories,x_system_categories,multiselect,,many2many_tags,,,0,,,0,Sales,"Accessories,Assembly & Validation,Cables,Cases,Computers,Displays,Expansion,Heatsinks,Memory,Motherboards,Panel PCs,Power Supplies,Processors,Services,Software,Storage,Warranties"
ol_pim.attribute_testing_status,product.template,Testing Status,x_testing_status,select,,,,,0,,,0,Sales,"Accessories,Cables,Cases,Computers,Displays,Expansion,Heatsinks,Memory,Motherboards,Panel PCs,Power Supplies,Processors,Services,Software,Storage"
ol_pim.attribute_tier,product.template,Tier,x_tier,select,,,,,0,,,0,Sales,"Computers,Panel PCs"
ol_pim.attribute_eu_shipping_buffer,product.template,Shipping Buffer (EU),x_eu_shipping_buffer,integer,,,,,0,,,0,Operations,"Accessories,Assembly & Validation"
ol_pim.attribute_shipping_height,product.template,Shipping Height,x_shipping_height,float,,,,,0,,,0,Operations,"Accessories,Cables,Cases,Computers,Displays,Expansion,Heatsinks,Memory,Motherboards,Panel PCs,Power Supplies,Processors,Services,Software,Storage"
ol_pim.attribute_shipping_length,product.template,Shipping Length,x_shipping_length,float,,,,,0,,,0,Operations,"Accessories,Cables,Cases,Computers,Displays,Expansion,Heatsinks,Memory,Motherboards,Panel PCs,Power Supplies,Processors,Services,Software,Storage"
ol_pim.attribute_shipping_weight,product.template,Shipping Weight,x_shipping_weight,float,,,,,0,,,0,Operations,"Accessories,Cables,Cases,Computers,Displays,Expansion,Heatsinks,Memory,Motherboards,Panel PCs,Power Supplies,Processors,Services,Software,Storage"
ol_pim.attribute_shipping_width,product.template,Shipping Width,x_shipping_width,float,,,,,0,,,0,Operations,"Accessories,Cables,Cases,Computers,Displays,Expansion,Heatsinks,Memory,Motherboards,Panel PCs,Power Supplies,Processors,Services,Software,Storage"
ol_pim.attribute_us_shipping_buffer,product.template,Shipping Buffer (US),x_us_shipping_buffer,integer,,,,,0,,,0,Operations,"Accessories,Assembly & Validation"
ol_pim.attribute_dimensions,product.template,Dimensions,x_dimensions,text,,,TRUE,,0,,,0,Physical Properties,"Accessories,Cables,Cases,Computers,Displays,Expansion,Heatsinks,Memory,Motherboards,Panel PCs,Power Supplies,Services,Storage"
ol_pim.attribute_length,product.template,Length,x_length,integer,,,,,0,,,0,Physical Properties,"Accessories,Cables,Cases,Computers,Displays,Expansion,Heatsinks,Memory,Motherboards,Panel PCs,Power Supplies,Processors,Services,Storage"
ol_pim.attribute_input_current_max,product.template,Input Current Maximum,x_input_current_max,integer,,,,,0,,,0,Power,"Accessories,Computers,Displays,Expansion,Motherboards,Panel PCs,Power Supplies,Storage"
ol_pim.attribute_input_current_min,product.template,Input Current Minimum,x_input_current_min,integer,,,,,0,,,0,Power,"Accessories,Computers,Displays,Expansion,Motherboards,Panel PCs,Power Supplies,Storage"
ol_pim.attribute_input_power_max,product.template,Input Power Maximum,x_input_power_max,integer,,,,,0,,,0,Power,"Accessories,Computers,Displays,Expansion,Motherboards,Panel PCs,Power Supplies,Storage"
ol_pim.attribute_input_power_min,product.template,Input Power Minimum,x_input_power_min,integer,,,,,0,,,0,Power,"Accessories,Computers,Displays,Expansion,Motherboards,Panel PCs,Power Supplies,Storage"
ol_pim.attribute_input_voltage_max,product.template,Input Voltage Maximum,x_input_voltage_max,float,,,,,0,,,0,Power,"Accessories,Computers,Displays,Expansion,Motherboards,Panel PCs,Power Supplies,Storage"
ol_pim.attribute_input_voltage_min,product.template,Input Voltage Minimum,x_input_voltage_min,float,,,,,0,,,0,Power,"Accessories,Computers,Displays,Expansion,Motherboards,Panel PCs,Power Supplies,Storage"
ol_pim.attribute_input_voltage_type,product.template,Input Voltage Type,x_input_voltage_type,select,,,,,0,,,0,Power,"Accessories,Computers,Displays,Expansion,Motherboards,Panel PCs,Power Supplies,Storage"
ol_pim.attribute_output_current_max,product.template,Output Current Maximum,x_output_current_max,float,,,,,0,,,0,Power,Power Supplies
ol_pim.attribute_output_current_min,product.template,Output Current Minimum,x_output_current_min,float,,,,,0,,,0,Power,Power Supplies
ol_pim.attribute_output_power_max,product.template,Output Power Maximum,x_output_power_max,integer,,,,,0,,,0,Power,"Expansion,Power Supplies"
ol_pim.attribute_output_power_min,product.template,Output Power Minimum,x_output_power_min,integer,,,,,0,,,0,Power,"Expansion,Power Supplies"
ol_pim.attribute_output_voltage_max,product.template,Output Voltage Maximum,x_output_voltage_max,integer,,,,,0,,,0,Power,"Expansion,Panel PCs,Power Supplies"
ol_pim.attribute_output_voltage_min,product.template,Output Voltage Minimum,x_output_voltage_min,integer,,,,,0,,,0,Power,"Expansion,Panel PCs,Power Supplies"
ol_pim.attribute_output_voltage_type,product.template,Output Voltage Type,x_output_voltage_type,select,,,,,0,,,0,Power,"Accessories,Computers,Displays,Expansion,Motherboards,Panel PCs,Power Supplies,Storage"
ol_pim.attribute_power_cable_connectors,product.template,Power Cable Connectors,x_power_cable_connectors,select,,,,,0,,,0,Power,Power Supplies
ol_pim.attribute_power_consumption,product.template,Power Consumption,x_power_consumption,float,,,,,0,,,0,Power,"Accessories,Displays,Expansion,Heatsinks,Memory,Motherboards,Processors,Storage"
ol_pim.attribute_power_conversion_note,product.template,Input Voltage Conversion Note,x_power_conversion_note,char,,,TRUE,,0,,,0,Power,"Accessories,Computers,Displays,Expansion,Motherboards,Panel PCs,Power Supplies,Storage"
ol_pim.attribute_regulatory_certifications,product.template,Regulatory Certifications,x_regulatory_certifications,multiselect,,many2many_tags,,,0,,,0,Regulatory,"Accessories,Cables,Cases,Computers,Displays,Expansion,Heatsinks,Memory,Motherboards,Panel PCs,Power Supplies,Processors,Services,Software,Storage"
ol_pim.attribute_regulatory_notes,product.template,Regulatory Notes,x_regulatory_notes,text,,,TRUE,,0,,,0,Regulatory,"Accessories,Cables,Cases,Computers,Displays,Expansion,Heatsinks,Memory,Motherboards,Panel PCs,Power Supplies,Processors,Services,Software,Storage"
ol_pim.attribute_additional_features,product.template,,x_additional_features,multiselect,,many2many_tags,,,0,,,0,Shared Specifications,"Computers,Panel PCs"
ol_pim.attribute_cpu_cooler_height,product.template,CPU Cooler Height,x_cpu_cooler_height,integer,,,,,0,,,0,Shared Specifications,"Accessories,Cases,Computers,Heatsinks,Motherboards"
ol_pim.attribute_expansion_options,product.template,Expansion Options,x_expansion_options,multiselect,,many2many_tags,,,0,,,0,Shared Specifications,"Computers,Expansion,Motherboards,Panel PCs"
ol_pim.attribute_graphics_gpu,product.template,Graphics/GPU,x_graphics_gpu,multiselect,,many2many_tags,,,0,,,0,Shared Specifications,"Computers,Expansion,Motherboards,Panel PCs,Processors"
ol_pim.attribute_hardware_type,product.template,Hardware Type,x_hardware_type,multiselect,,many2many_tags,,,0,,,0,Shared Specifications,"Computers,Displays,Panel PCs"
ol_pim.attribute_humidity_operating_max,product.template,Humidity (Operating Maximum),x_humidity_operating_max,integer,,,,,0,,,0,Shared Specifications,"Computers,Displays,Expansion,Memory,Motherboards,Panel PCs,Power Supplies"
ol_pim.attribute_humidity_operating_min,product.template,Humidity (Operating Minimum),x_humidity_operating_min,integer,,,,,0,,,0,Shared Specifications,"Computers,Displays,Expansion,Memory,Motherboards,Panel PCs,Power Supplies"
ol_pim.attribute_humidity_operating_non_condensing_max,product.template,Humidity (Non-Condensing Operating Maximum),x_humidity_operating_non_condensing_max,integer,,,,,0,,,0,Shared Specifications,"Computers,Displays,Expansion,Memory,Motherboards,Panel PCs,Power Supplies"
ol_pim.attribute_humidity_operating_non_condensing_min,product.template,Humidity (Non-Condensing Operating Minimum),x_humidity_operating_non_condensing_min,integer,,,,,0,,,0,Shared Specifications,"Computers,Displays,Expansion,Memory,Motherboards,Panel PCs,Power Supplies"
ol_pim.attribute_included_accessories,product.template,Included Accessories,x_included_accessories,text,,,TRUE,,0,,,0,Shared Specifications,"Accessories,Cables,Cases,Computers,Displays,Expansion,Heatsinks,Memory,Motherboards,Panel PCs,Power Supplies,Services,Software"
ol_pim.attribute_included_power_supply,product.template,Included Power Supply,x_included_power_supply,text,,,TRUE,,0,,,0,Shared Specifications,"Computers,Motherboards,Panel PCs"
ol_pim.attribute_included_storage,product.template,Included Storage,x_included_storage,text,,,TRUE,,0,,,0,Shared Specifications,"Computers,Motherboards,Panel PCs"
ol_pim.attribute_included_wireless,product.template,Included Wireless,x_included_wireless,text,,,TRUE,,0,,,0,Shared Specifications,"Computers,Panel PCs"
ol_pim.attribute_lan_controller,product.template,LAN Controller,x_lan_controller,multiselect,,many2many_tags,,,0,,,0,Shared Specifications,"Computers,Expansion,Motherboards,Panel PCs"
ol_pim.attribute_lan_ports,product.template,LAN Ports,x_lan_ports,integer,,,,,0,,,0,Shared Specifications,"Cables,Computers,Expansion,Motherboards"
ol_pim.attribute_notes,product.template,Notes,x_notes,text,,,TRUE,,0,,,0,Shared Specifications,"Accessories,Assembly & Validation,Cables,Cases,Computers,Displays,Expansion,Heatsinks,Memory,Motherboards,Panel PCs,Power Supplies,Processors,Services,Software,Storage,Warranties"
ol_pim.attribute_poe_ports,product.template,PoE Ports,x_poe_ports,integer,,,,,0,,,0,Shared Specifications,"Computers,Expansion,Motherboards,Panel PCs"
ol_pim.attribute_power_input_connectors,product.template,Power Input Connector,x_power_input_connectors,multiselect,,many2many_tags,,,0,,,0,Shared Specifications,"Cables,Computers,Displays,Expansion,Motherboards,Panel PCs,Power Supplies"
ol_pim.attribute_recommended_applications,product.template,Recommended Applications,x_recommended_applications,multiselect,,many2many_tags,,,0,,,0,Shared Specifications,"Accessories,Cables,Cases,Displays,Expansion,Heatsinks,Memory,Motherboards,Panel PCs,Power Supplies,Services,Software"
ol_pim.attribute_serial_ports,product.template,Serial Ports,x_serial_ports,integer,,,,,0,,,0,Shared Specifications,"Cables,Computers,Displays,Expansion,Motherboards,Panel PCs"
ol_pim.attribute_shock_tolerance_non_operating,product.template,Shock Tolerance (Non-operating),x_shock_tolerance_non_operating,char,,,TRUE,,0,,,0,Shared Specifications,"Computers,Displays,Expansion,Memory,Motherboards,Panel PCs,Power Supplies,Storage"
ol_pim.attribute_shock_tolerance_operating,product.template,Shock Tolerance (Operating),x_shock_tolerance_operating,char,,,TRUE,,0,,,0,Shared Specifications,"Computers,Displays,Expansion,Memory,Motherboards,Panel PCs,Power Supplies,Storage"
ol_pim.attribute_size,product.template,Size,x_size,multiselect,,many2many_tags,,,0,,,0,Shared Specifications,"Computers,Panel PCs"
ol_pim.attribute_spec_front_io,product.template,Front I/O,x_spec_front_io,text,,,TRUE,,0,,,0,Shared Specifications,"Cases,Computers,Displays,Motherboards,Panel PCs"
ol_pim.attribute_spec_onboard_io,product.template,Onboard I/O,x_spec_onboard_io,text,,,TRUE,,0,,,0,Shared Specifications,"Cases,Computers,Displays,Motherboards,Panel PCs"
ol_pim.attribute_spec_rear_io,product.template,Rear I/O,x_spec_rear_io,text,,,TRUE,,0,,,0,Shared Specifications,"Cases,Computers,Displays,Motherboards,Panel PCs"
ol_pim.attribute_system_monitoring,product.template,System Monitoring,x_system_monitoring,multiselect,,many2many_tags,,,0,,,0,Shared Specifications,"Computers,Motherboards,Panel PCs"
ol_pim.attribute_system_processor_core_options,product.template,System Processor Core Options,x_system_processor_core_options,multiselect,,many2many_tags,,,0,,,0,Shared Specifications,"Computers,Motherboards,Panel PCs,Processors"
ol_pim.attribute_temperature_operating_max,product.template,Temperature (Operating Maximum),x_temperature_operating_max,integer,,,,,0,,,0,Shared Specifications,"Accessories,Cases,Computers,Displays,Expansion,Heatsinks,Memory,Motherboards,Panel PCs,Power Supplies,Storage"
ol_pim.attribute_temperature_operating_min,product.template,Temperature (Operating Minimum),x_temperature_operating_min,integer,,,,,0,,,0,Shared Specifications,"Accessories,Cases,Computers,Displays,Expansion,Heatsinks,Memory,Motherboards,Panel PCs,Power Supplies,Storage"
ol_pim.attribute_temperature_operating_notes,product.template,Temperature (Operating) Notes,x_temperature_operating_notes,text,,,TRUE,,0,,,0,Shared Specifications,"Accessories,Cases,Computers,Displays,Expansion,Heatsinks,Memory,Motherboards,Panel PCs,Power Supplies,Storage"
ol_pim.attribute_usb_ports,product.template,USB Ports,x_usb_ports,integer,,,,,0,,,0,Shared Specifications,"Cables,Computers,Displays,Expansion,Motherboards,Panel PCs"
ol_pim.attribute_vibration_tolerance_non_operating,product.template,Vibration Tolerance (Non-operating),x_vibration_tolerance_non_operating,char,,,TRUE,,0,,,0,Shared Specifications,"Computers,Displays,Expansion,Memory,Motherboards,Panel PCs,Power Supplies,Storage"
ol_pim.attribute_vibration_tolerance_operating,product.template,Vibration Tolerance (Operating),x_vibration_tolerance_operating,char,,,TRUE,,0,,,0,Shared Specifications,"Computers,Displays,Expansion,Memory,Motherboards,Panel PCs,Power Supplies,Storage"
ol_pim.attribute_video_encoding_standards,product.template,Video Encoding Standards,x_video_encoding_standards,multiselect,,many2many_tags,,,0,,,0,Shared Specifications,"Computers,Expansion,Motherboards,Panel PCs"
ol_pim.attribute_video_input,product.template,Video Input,x_video_input,multiselect,,many2many_tags,,,0,,,0,Shared Specifications,"Computers,Expansion,Motherboards,Panel PCs"
ol_pim.attribute_video_interface,product.template,Video Interface,x_video_interface,multiselect,,many2many_tags,,,0,,,0,Shared Specifications,"Accessories,Cables,Computers,Displays,Expansion,Heatsinks,Motherboards"
ol_pim.attribute_manufacturer_component_warranty,product.template,Manufacturer Component Warranty,x_manufacturer_component_warranty,select,,,,,0,,,0,Manufacturer Info,"Accessories,Cables,Cases,Computers,Displays,Expansion,Heatsinks,Memory,Motherboards,Panel PCs,Power Supplies,Processors,Services,Storage"
ol_pim.attribute_manufacturer_expected_lifecycle,product.template,Manufacturer Expected Lifecycle,x_manufacturer_expected_lifecycle,integer,,,,,0,,,0,Manufacturer Info,"Accessories,Cables,Cases,Computers,Displays,Expansion,Heatsinks,Memory,Motherboards,Panel PCs,Power Supplies,Processors,Software,Storage"
ol_pim.attribute_manufacturer_launch_date,product.template,Manufacturer Launch date,x_manufacturer_launch_date,date,,,,,0,,,0,Manufacturer Info,"Accessories,Cables,Cases,Computers,Displays,Expansion,Heatsinks,Memory,Motherboards,Panel PCs,Power Supplies,Processors,Services,Software,Storage"
ol_pim.attribute_manufacturer_product_link,product.template,Manufacturer Product Link,x_manufacturer_product_link,char,,,TRUE,,0,,,0,Manufacturer Info,"Accessories,Cables,Cases,Computers,Displays,Expansion,Heatsinks,Memory,Motherboards,Panel PCs,Power Supplies,Processors,Services,Software,Storage"
ol_pim.attribute_display_aspect_ratio,product.template,Display Aspect Ratio,x_display_aspect_ratio,select,,,,,0,,,0,Displays (Components),"Displays,Panel PCs"
ol_pim.attribute_display_brightness,product.template,Display Brightness,x_display_brightness,integer,,,,,0,,,0,Displays (Components),"Displays,Panel PCs"
ol_pim.attribute_display_contrast_ratio,product.template,Display Contrast Ratio,x_display_contrast_ratio,select,,,,,0,,,0,Displays (Components),"Displays,Panel PCs"
ol_pim.attribute_display_mounting_options,product.template,Display Mounting Options,x_display_mounting_options,multiselect,,many2many_tags,,,0,,,0,Displays (Components),"Accessories,Cases,Computers,Displays,Panel PCs"
ol_pim.attribute_display_note,product.template,Display Note,x_display_note,char,,,TRUE,,0,,,0,Displays (Components),"Computers,Motherboards,Panel PCs"
ol_pim.attribute_display_output_type,product.template,Display Output Type,x_display_output_type,multiselect,,many2many_tags,,,0,,,0,Displays (Components),"Computers,Panel PCs"
ol_pim.attribute_display_resolution,product.template,Display Resolution,x_display_resolution,multiselect,,many2many_tags,,,0,,,0,Displays (Components),"Displays,Expansion,Motherboards,Panel PCs"
ol_pim.attribute_display_screen_size,product.template,Display Screen Size,x_display_screen_size,float,,,,,0,,,0,Displays (Components),"Displays,Panel PCs"
ol_pim.attribute_display_touchscreen_type,product.template,Display Touchscreen Type,x_display_touchscreen_type,select,,,,,0,,,0,Displays (Components),"Displays,Panel PCs"
ol_pim.attribute_display_viewing_angle,product.template,Display Viewing Angle,x_display_viewing_angle,char,,,TRUE,,0,,,0,Displays (Components),"Displays,Panel PCs"
ol_pim.attribute_authentication_protocols,product.template,Authentication Protocols,x_authentication_protocols,text,,,TRUE,,0,,,0,Expansion Cards (Components),Expansion
ol_pim.attribute_data_rate,product.template,Data Rate,x_data_rate,multiselect,,many2many_tags,,,0,,,0,Expansion Cards (Components),Expansion
ol_pim.attribute_drivers_supported,product.template,Drivers Supported,x_drivers_supported,multiselect,,many2many_tags,,,0,,,0,Expansion Cards (Components),Expansion
ol_pim.attribute_expansion_acoustics,product.template,Expansion Acoustics,x_expansion_acoustics,float,,,,,0,,,0,Expansion Cards (Components),"Accessories,Expansion,Heatsinks"
ol_pim.attribute_expansion_mobile_carriers,product.template,Expansion Mobile Carriers,x_expansion_mobile_carriers,multiselect,,many2many_tags,,,0,,,0,Expansion Cards (Components),"Computers,Expansion,Panel PCs"
ol_pim.attribute_expansion_wireless_frequency,product.template,Expansion Wireless Frequency,x_expansion_wireless_frequency,text,,,TRUE,,0,,,0,Expansion Cards (Components),Expansion
ol_pim.attribute_interface_type,product.template,Interface Type,x_interface_type,multiselect,,many2many_tags,,,0,,,0,Expansion Cards (Components),Expansion
ol_pim.attribute_signal_type,product.template,Signal Type,x_signal_type,multiselect,,many2many_tags,,,0,,,0,Expansion Cards (Components),Expansion
ol_pim.attribute_memory_bandwidth,product.template,Memory Bandwidth,x_memory_bandwidth,char,,,TRUE,,0,,,0,Memory (Components),Expansion
ol_pim.attribute_memory_buffer,product.template,Memory Buffer,x_memory_buffer,multiselect,,many2many_tags,,,0,,,0,Memory (Components),Memory
ol_pim.attribute_memory_capacity,product.template,Memory Capacity,x_memory_capacity,integer,,,,,0,,,0,Memory (Components),"Computers,Memory,Motherboards,Panel PCs,Processors"
ol_pim.attribute_memory_cas_latency,product.template,Memory CAS Latency,x_memory_cas_latency,char,,,TRUE,,0,,,0,Memory (Components),Storage
ol_pim.attribute_memory_channels,product.template,Memory Channels,x_memory_channels,select,,,,,0,,,0,Memory (Components),"Computers,Panel PCs,Processors"
ol_pim.attribute_memory_speed,product.template,Memory Clock Speed,x_memory_speed,integer,,,,,0,,,0,Memory (Components),"Computers,Memory,Motherboards,Panel PCs"
ol_pim.attribute_memory_type,product.template,Memory Type,x_memory_type,select,,,,,0,,,0,Memory (Components),"Computers,Memory,Motherboards,Panel PCs"
ol_pim.attribute_motherboard_chipset,product.template,Motherboard Chipset,x_motherboard_chipset,select,,,,,0,,,0,Motherboards (Components),"Computers,Motherboards,Panel PCs"
ol_pim.attribute_motherboard_expansion_slots,product.template,Motherboard Expansion Slots,x_motherboard_expansion_slots,integer,,,,,0,,,0,Motherboards (Components),"Cases,Computers,Expansion,Motherboards,Panel PCs"
ol_pim.attribute_motherboard_form_factor,product.template,Motherboard Form Factor,x_motherboard_form_factor,multiselect,,many2many_tags,,,0,,,0,Motherboards (Components),"Cases,Computers,Motherboards,Panel PCs"
ol_pim.attribute_motherboard_memory_slots,product.template,Motherboard Memory Slots,x_motherboard_memory_slots,integer,,,,,0,,,0,Motherboards (Components),"Computers,Motherboards,Panel PCs"
ol_pim.attribute_motherboard_raid_support,product.template,Motherboard Raid Support,x_motherboard_raid_support,multiselect,,many2many_tags,,,0,,,0,Motherboards (Components),"Computers,Expansion,Motherboards,Panel PCs"
ol_pim.attribute_pcie_count,product.template,PCIe Count,x_pcie_count,integer,,,,,0,,,0,Motherboards (Components),"Computers,Expansion,Motherboards,Panel PCs"
ol_pim.attribute_pcie_count_note,product.template,PCIe Count Note,x_pcie_count_note,char,,,TRUE,,0,,,0,Motherboards (Components),"Computers,Expansion,Motherboards,Panel PCs"
ol_pim.attribute_cable_connectors,product.template,Cable Connectors,x_cable_connectors,multiselect,,many2many_tags,,,0,,,0,Other Specifications (Components),"Accessories,Cables,Computers,Displays,Expansion,Heatsinks,Motherboards,Panel PCs,Power Supplies"
ol_pim.attribute_cable_dc_connector,product.template,Cable DC Connector,x_cable_dc_connector,multiselect,,many2many_tags,,,0,,,0,Other Specifications (Components),"Cables,Computers,Displays,Motherboards,Panel PCs,Power Supplies"
ol_pim.attribute_cable_length,product.template,Cable Length,x_cable_length,integer,,,,,0,,,0,Other Specifications (Components),Cables
ol_pim.attribute_cable_type,product.template,Cable Type,x_cable_type,multiselect,,many2many_tags,,,0,,,0,Other Specifications (Components),Cables
ol_pim.attribute_case_color,product.template,Case Color,x_case_color,select,,,,,0,,,0,Other Specifications (Components),"Cases,Displays,Panel PCs"
ol_pim.attribute_case_material,product.template,Case Material,x_case_material,multiselect,,many2many_tags,,,0,,,0,Other Specifications (Components),"Cases,Computers,Displays,Panel PCs"
ol_pim.attribute_case_mounting,product.template,Case Mounting Options,x_case_mounting,multiselect,,many2many_tags,,,0,,,0,Other Specifications (Components),"Accessories,Cases,Computers,Displays,Panel PCs"
ol_pim.attribute_case_port_punchouts,product.template,Case Port Punchouts,x_case_port_punchouts,multiselect,,many2many_tags,,,0,,,0,Other Specifications (Components),"Cases,Computers,Panel PCs"
ol_pim.attribute_case_type_chassis,product.template,Case Type (Chassis),x_case_type_chassis,multiselect,,many2many_tags,,,0,,,0,Other Specifications (Components),"Cases,Computers,Displays,Panel PCs"
ol_pim.attribute_connectivity,product.template,Connectivity,x_connectivity,multiselect,,many2many_tags,,,0,,,0,Other Specifications (Components),Expansion
ol_pim.attribute_fan_bearing_rpm,product.template,Fan Bearing RPM,x_fan_bearing_rpm,integer,,,,,0,,,0,Other Specifications (Components),"Accessories,Heatsinks"
ol_pim.attribute_fan_bearing_type,product.template,Fan Bearing Type,x_fan_bearing_type,select,,,,,0,,,0,Other Specifications (Components),"Accessories,Heatsinks"
ol_pim.attribute_heat_sink_air_flow,product.template,Heat Sink Air Flow,x_heat_sink_air_flow,float,,,,,0,,,0,Other Specifications (Components),"Accessories,Heatsinks"
ol_pim.attribute_mobile_frequency_bands,product.template,Mobile Frequency Bands,x_mobile_frequency_bands,multiselect,,many2many_tags,,,0,,,0,Other Specifications (Components),Expansion
ol_pim.attribute_network_standards,product.template,Network Standards,x_network_standards,select,,,,,0,,,0,Other Specifications (Components),Expansion
ol_pim.attribute_networking_type,product.template,Networking Type,x_networking_type,select,,,,,0,,,0,Other Specifications (Components),Expansion
ol_pim.attribute_number_of_displays_supported,product.template,Number of Displays Supported,x_number_of_displays_supported,integer,,,,,0,,,0,Other Specifications (Components),"Computers,Motherboards,Panel PCs"
ol_pim.attribute_optical_drive_bay,product.template,Optical Drive Bay,x_optical_drive_bay,select,,,,,0,,,0,Other Specifications (Components),"Accessories,Cases,Heatsinks"
ol_pim.attribute_os_minimum_footprint,product.template,OS Minimum Footprint,x_os_minimum_footprint,float,,,,,0,,,0,Other Specifications (Components),Software
ol_pim.attribute_power_ac_frequency_max,product.template,Power AC Frequency Maximum,x_power_ac_frequency_max,integer,,,,,0,,,0,Other Specifications (Components),Power Supplies
ol_pim.attribute_power_ac_frequency_min,product.template,Power AC Frequency Minimum,x_power_ac_frequency_min,integer,,,,,0,,,0,Other Specifications (Components),Power Supplies
ol_pim.attribute_power_automotive_features,product.template,Power Automotive Features,x_power_automotive_features,multiselect,,many2many_tags,,,0,,,0,Other Specifications (Components),"Computers,Displays,Motherboards,Panel PCs,Power Supplies"
ol_pim.attribute_power_cable_coupler,product.template,Power Cable Coupler,x_power_cable_coupler,select,,,,,0,,,0,Other Specifications (Components),"Cables,Power Supplies"
ol_pim.attribute_power_cord_length,product.template,Power Cord Length,x_power_cord_length,float,,,,,0,,,0,Other Specifications (Components),Power Supplies
ol_pim.attribute_power_form_factor,product.template,PSU Form Factor,x_power_form_factor,multiselect,,many2many_tags,,,0,,,0,Other Specifications (Components),Power Supplies
ol_pim.attribute_psu_modularity,product.template,PSU Modularity,x_psu_modularity,select,,,,,0,,,0,Other Specifications (Components),Power Supplies
ol_pim.attribute_psu_protection,product.template,PSU Protection,x_psu_protection,multiselect,,many2many_tags,,,0,,,0,Other Specifications (Components),Power Supplies
ol_pim.attribute_psu_rails,product.template,PSU Rails,x_psu_rails,multiselect,,many2many_tags,,,0,,,0,Other Specifications (Components),Power Supplies
ol_pim.attribute_psu_rating,product.template,PSU Rating,x_psu_rating,select,,,,,0,,,0,Other Specifications (Components),Power Supplies
ol_pim.attribute_rs_232_pin_header_type,product.template,RS-232 Pin Header Type,x_rs_232_pin_header_type,select,,,,,0,,,0,Other Specifications (Components),"Cables,Expansion,Motherboards,Panel PCs"
ol_pim.attribute_sata_connectors,product.template,SATA Connectors,x_sata_connectors,integer,,,,,0,,,0,Other Specifications (Components),"Cables,Memory,Motherboards,Panel PCs"
ol_pim.attribute_software_certifications,product.template,Compatible Software,x_software_certifications,multiselect,,many2many_tags,,,0,,,0,Other Specifications (Components),"Computers,Panel PCs"
ol_pim.attribute_system_cooling_type,product.template,Cooling Type,x_system_cooling_type,select,,,,,0,,,0,Other Specifications (Components),"Computers,Panel PCs"
ol_pim.attribute_max_burst_frequency,product.template,Max Burst Frequency,x_max_burst_frequency,char,,,TRUE,,0,,,0,Processors (Components),"Computers,Motherboards"
ol_pim.attribute_processor,product.template,Processor,x_processor,multiselect,,many2many_tags,,,0,,,0,Processors (Components),"Computers,Motherboards,Panel PCs,Processors"
ol_pim.attribute_processor_cache,product.template,Processor Cache,x_processor_cache,float,,,,,0,,,0,Processors (Components),"Processors,Storage"
ol_pim.attribute_processor_clock_speed,product.template,Processor Clock Speed,x_processor_clock_speed,float,,,,,0,,,0,Processors (Components),"Computers,Motherboards,Panel PCs,Processors"
ol_pim.attribute_processor_clock_speed_notes,product.template,Processor Clock Speed Notes,x_processor_clock_speed_notes,text,,,TRUE,,0,,,0,Processors (Components),"Computers,Motherboards,Panel PCs,Processors"
ol_pim.attribute_processor_cores,product.template,Processor Cores,x_processor_cores,integer,,,,,0,,,0,Processors (Components),"Computers,Motherboards,Panel PCs,Processors"
ol_pim.attribute_processor_family,product.template,Processor Family,x_processor_family,select,,,,,0,,,0,Processors (Components),"Computers,Motherboards,Panel PCs,Processors"
ol_pim.attribute_processor_features,product.template,Processor Features,x_processor_features,multiselect,,many2many_tags,,,0,,,0,Processors (Components),Processors
ol_pim.attribute_processor_generation,product.template,Processor Generation,x_processor_generation,multiselect,,many2many_tags,,,0,,,0,Processors (Components),"Computers,Motherboards,Panel PCs,Processors"
ol_pim.attribute_processor_model,product.template,Processor Model,x_processor_model,char,,,TRUE,,0,,,0,Processors (Components),"Computers,Motherboards,Panel PCs,Processors"
ol_pim.attribute_processor_socket,product.template,Processor Socket,x_processor_socket,multiselect,,many2many_tags,,,0,,,0,Processors (Components),"Accessories,Computers,Motherboards,Panel PCs,Processors"
ol_pim.attribute_processor_tdp,product.template,Processor TDP,x_processor_tdp,integer,,,,,0,,,0,Processors (Components),Processors
ol_pim.attribute_processor_threads,product.template,Processor Threads,x_processor_threads,integer,,,,,0,,,0,Processors (Components),Processors
ol_pim.attribute_processor_tjunction_tmax,product.template,Processor Tjunction/Tmax,x_processor_tjunction_tmax,float,,,,,0,,,0,Processors (Components),"Computers,Processors"
ol_pim.attribute_processor_turbo_frequency_max,product.template,Processor Turbo Frequency Maximum,x_processor_turbo_frequency_max,float,,,,,0,,,0,Processors (Components),"Computers,Processors"
ol_pim.attribute_disk_speed,product.template,Disk Speed,x_disk_speed,integer,,,,,0,,,0,Storage (Components),Storage
ol_pim.attribute_endurance,product.template,Endurance,x_endurance,char,,,TRUE,,0,,,0,Storage (Components),Storage
ol_pim.attribute_idle_current,product.template,Idle Current,x_idle_current,float,,,,,0,,,0,Storage (Components),Storage
ol_pim.attribute_seek_current,product.template,Seek Current,x_seek_current,float,,,,,0,,,0,Storage (Components),Storage
ol_pim.attribute_seek_time,product.template,Seek Time,x_seek_time,integer,,,,,0,,,0,Storage (Components),Storage
ol_pim.attribute_storage_capacity,product.template,Storage Capacity,x_storage_capacity,integer,,,,,0,,,0,Storage (Components),Storage
ol_pim.attribute_storage_disk_features,product.template,Storage Disk Features,x_storage_disk_features,multiselect,,many2many_tags,,,0,,,0,Storage (Components),Storage
ol_pim.attribute_storage_flash_memory_type,product.template,Storage Flash Memory Type,x_storage_flash_memory_type,select,,,,,0,,,0,Storage (Components),Storage
ol_pim.attribute_storage_options,product.template,Storage Options,x_storage_options,multiselect,,many2many_tags,,,0,,,0,Storage (Components),"Computers,Expansion,Motherboards,Panel PCs,Storage"
ol_pim.attribute_storage_read_speed,product.template,Storage Read Speed,x_storage_read_speed,integer,,,,,0,,,0,Storage (Components),Storage
ol_pim.attribute_storage_sata_interface,product.template,Storage SATA Interface,x_storage_sata_interface,multiselect,,many2many_tags,,,0,,,0,Storage (Components),"Motherboards,Panel PCs,Storage"
ol_pim.attribute_storage_type,product.template,Storage Type,x_storage_type,multiselect,,many2many_tags,,,0,,,0,Storage (Components),"Computers,Expansion,Motherboards,Panel PCs,Storage"
ol_pim.attribute_storage_write_speed,product.template,Storage Write Speed,x_storage_write_speed,integer,,,,,0,,,0,Storage (Components),Storage
ol_pim.attribute_duplicated_date,product.template,Duplicated on,x_duplicated_date,date,,,,,0,,,0,Machine Use,"Accessories,Assembly & Validation,Cables,Cases,Computers,Displays,Expansion,Heatsinks,Memory,Motherboards,Panel PCs,Power Supplies,Processors,Services,Software,Storage,Warranties"
ol_pim.attribute_duplicated_from_id,product.template,Duplicated from ID,x_duplicated_from_id,char,,,TRUE,,0,,,0,Machine Use,"Accessories,Assembly & Validation,Cables,Cases,Computers,Displays,Expansion,Heatsinks,Memory,Motherboards,Panel PCs,Power Supplies,Processors,Services,Software,Storage,Warranties"
ol_pim.attribute_duplicated_from_uuid,product.template,Duplicated from UUID,x_duplicated_from_uuid,char,,,TRUE,,0,,,0,Machine Use,"Accessories,Assembly & Validation,Cables,Cases,Computers,Displays,Expansion,Heatsinks,Memory,Motherboards,Panel PCs,Power Supplies,Processors,Services,Software,Storage,Warranties"
ol_pim.attribute_sync_information,product.template,Sync Information,x_sync_information,char,,,,,0,,,0,Machine Use,"Accessories,Assembly & Validation,Cables,Cases,Computers,Displays,Expansion,Heatsinks,Memory,Motherboards,Panel PCs,Power Supplies,Processors,Services,Software,Storage,Warranties"
ol_pim.attribute_ean,product.template,EAN (Deprecated),x_ean,char,,,TRUE,,0,,,0,Deprecated,"Accessories,Cables,Cases,Displays,Expansion,Heatsinks,Memory,Motherboards,Panel PCs,Power Supplies,Processors,Services,Software,Storage"
ol_pim.attribute_documentation,product.template,Documentation,x_documentation,multiselect,documents.document,,,,0,,,0,Documents & Files,"Accessories,Assembly & Validation,Cables,Cases,Computers,Displays,Expansion,Heatsinks,Memory,Motherboards,Panel PCs,Power Supplies,Processors,Services,Software,Storage,Warranties"
ol_pim.attribute_drivers,product.template,Drivers,x_drivers,multiselect,documents.document,,,,0,,,0,Documents & Files,"Accessories,Assembly & Validation,Cables,Cases,Computers,Displays,Expansion,Heatsinks,Memory,Motherboards,Panel PCs,Power Supplies,Processors,Services,Software,Storage,Warranties"
ol_pim.attribute_regulatory,product.template,Regulatory,x_regulatory,multiselect,documents.document,,,,0,,,0,Documents & Files,"Accessories,Assembly & Validation,Cables,Cases,Computers,Displays,Expansion,Heatsinks,Memory,Motherboards,Panel PCs,Power Supplies,Processors,Services,Software,Storage,Warranties"
ol_pim.attribute_support,product.template,Support,x_support,multiselect,documents.document,,,,0,,,0,Documents & Files,"Accessories,Assembly & Validation,Cables,Cases,Computers,Displays,Expansion,Heatsinks,Memory,Motherboards,Panel PCs,Power Supplies,Processors,Services,Software,Storage,Warranties"
ol_pim.attribute_application_notes,product.template,Application Notes,x_application_notes,multiselect,documents.document,,,,0,,,0,Documents & Files,"Accessories,Assembly & Validation,Cables,Cases,Computers,Displays,Expansion,Heatsinks,Memory,Motherboards,Panel PCs,Power Supplies,Processors,Services,Software,Storage,Warranties"
